applicant_id,case_category,A_eligibility,A_date,B_schema_valid,B_claimable_months,B_eligibility,B_date,C_schema_valid,C_facts_extracted,C_rule_application,C_eligibility,C_date
A01,clearly_eligible,True,True,True,True,True,True,True,True,True,True,True
A02,boundary_exact,True,True,True,True,True,True,True,True,True,True,True
A03,boundary_before,True,True,True,True,True,True,True,True,True,True,True
A04,single_interruption_boundary,True,True,True,True,True,True,True,True,True,True,True
A05,non_research_concurrent_condition,True,True,True,True,True,True,True,True,True,True,True
A06,medical_condition,True,True,True,True,True,True,True,True,True,True,True
A07,caring_responsibilities_boundary,True,True,True,True,True,True,True,True,True,True,True
A08,caring_responsibilities_boundary_exact,True,True,True,True,True,True,True,True,True,True,True
A09,multiple_non_overlapping,True,True,True,True,True,True,True,True,True,True,True
A10,multiple_non_overlapping_exact,True,True,True,True,True,True,True,False,True,False,False
A11,international_relocation_cap,True,True,True,True,True,True,True,True,True,True,True
A12,two_relocations,True,True,True,True,True,True,True,True,True,True,True
A13,primary_carer,True,True,True,True,True,True,True,True,True,True,True
A14,primary_carer_inclusive_parental_leave,True,True,True,True,True,True,True,True,True,True,True
A15,multiple_children,True,True,True,True,True,True,True,True,True,True,True
A16,primary_carer_exact_threshold,True,True,True,True,True,True,True,True,True,True,True
A17,overlap_should_not_double_count,True,True,True,True,True,True,True,True,True,True,True
A18,non_research_position,True,True,True,True,True,True,True,True,True,True,True
A19,limited_access_to_facilities,True,True,True,True,True,True,True,True,True,True,True
A20,disaster_recovery,True,True,True,True,True,True,True,True,True,True,True
